{
  "modules": [
    {
      "name": "Anti Bot",
      "enabled": false,
      "properties": [
        {
          "name": "Mode",
          "value": "Funcraft"
        },
        {
          "name": "Ticks",
          "value": 150.0
        }
      ]
    },
    {
      "name": "Auto Potion",
      "enabled": false,
      "properties": [
        {
          "name": "Pitch",
          "value": "Down"
        },
        {
          "name": "Health",
          "value": 10.0
        },
        {
          "name": "Delay",
          "value": 500.0
        },
        {
          "name": "Heal",
          "value": true
        },
        {
          "name": "Speed",
          "value": true
        }
      ]
    },
    {
      "name": "Criticals",
      "enabled": true,
      "properties": [
        {
          "name": "Mode",
          "value": "Packet"
        },
        {
          "name": "Delay",
          "value": 150.0
        }
      ]
    },
    {
      "name": "Kill Aura",
      "enabled": false,
      "properties": [
        {
          "name": "Attack",
          "properties": [
            {
              "name": "Mode",
              "value": "Single"
            },
            {
              "name": "State",
              "value": "PRE"
            },
            {
              "name": "Auto Block",
              "value": "NCP"
            },
            {
              "name": "Max Entities",
              "value": 3.0
            },
            {
              "name": "CPS",
              "value": 16.0
            },
            {
              "name": "Range",
              "value": 3.6500000543892384
            },
            {
              "name": "Randomize CPS",
              "value": true
            },
            {
              "name": "Keep Sprint",
              "value": true
            }
          ]
        },
        {
          "name": "Entities",
          "properties": [
            {
              "name": "Players",
              "value": true
            },
            {
              "name": "Passives",
              "value": true
            },
            {
              "name": "Mobs",
              "value": true
            },
            {
              "name": "Villagers",
              "value": false
            },
            {
              "name": "Through Walls",
              "value": true
            },
            {
              "name": "Dead",
              "value": false
            },
            {
              "name": "Teams",
              "value": true
            }
          ]
        },
        {
          "name": "Rotations",
          "properties": [
            {
              "name": "Rotations",
              "value": "Smooth"
            },
            {
              "name": "Turn Speed",
              "value": 90.0
            },
            {
              "name": "Randomize",
              "value": false
            },
            {
              "name": "GCD Fix",
              "value": true
            },
            {
              "name": "Raytrace",
              "value": false
            }
          ]
        },
        {
          "name": "Visual",
          "properties": [
            {
              "name": "Target HUD",
              "value": "Basic"
            },
            {
              "name": "Sigma ESP",
              "value": true
            }
          ]
        }
      ]
    },
    {
      "name": "Teleport Aura",
      "enabled": false,
      "properties": [
        {
          "name": "Attack",
          "properties": [
            {
              "name": "Range",
              "value": 100.0
            },
            {
              "name": "Targets",
              "value": 5.0
            },
            {
              "name": "CPS",
              "value": 1.0
            },
            {
              "name": "No Swing",
              "value": false
            }
          ]
        },
        {
          "name": "Movement",
          "properties": [
            {
              "name": "Ground State",
              "value": true
            }
          ]
        },
        {
          "name": "Entities",
          "properties": [
            {
              "name": "Players",
              "value": false
            },
            {
              "name": "Passives",
              "value": false
            },
            {
              "name": "Mobs",
              "value": false
            },
            {
              "name": "Villagers",
              "value": false
            },
            {
              "name": "Through Walls",
              "value": true
            },
            {
              "name": "Dead",
              "value": false
            },
            {
              "name": "Teams",
              "value": true
            }
          ]
        }
      ]
    },
    {
      "name": "Velocity",
      "enabled": true,
      "properties": [
        {
          "name": "Mode",
          "value": "Packet"
        }
      ]
    },
    {
      "name": "Anti Ban",
      "enabled": false,
      "properties": [
        {
          "name": "Mode",
          "value": "HyCraft"
        }
      ]
    },
    {
      "name": "Disabler",
      "enabled": false,
      "properties": [
        {
          "name": "Mode",
          "value": "Verus"
        },
        {
          "name": "Verus",
          "properties": [
            {
              "name": "Transaction",
              "value": true
            },
            {
              "name": "Teleport",
              "value": true
            },
            {
              "name": "Cancel C03",
              "value": false
            },
            {
              "name": "Fly Checks",
              "value": false
            },
            {
              "name": "Combat",
              "value": false
            },
            {
              "name": "Sprint",
              "value": false
            },
            {
              "name": "Many Transactions",
              "value": false
            }
          ]
        }
      ]
    },
    {
      "name": "Ping Spoof",
      "enabled": false,
      "properties": [
        {
          "name": "Delay",
          "value": 150.0
        }
      ]
    },
    {
      "name": "Flight",
      "enabled": false,
      "properties": [
        {
          "name": "Mode",
          "value": "Verus"
        },
        {
          "name": "Vanilla",
          "properties": [
            {
              "name": "Speed",
              "value": 1.0
            },
            {
              "name": "Kick Bypass",
              "value": false
            }
          ]
        },
        {
          "name": "Funcraft",
          "properties": [
            {
              "name": "Timer Speed",
              "value": 1.75
            },
            {
              "name": "Speed",
              "value": 1.2000000476837158
            }
          ]
        },
        {
          "name": "Verus",
          "properties": [
            {
              "name": "Mode",
              "value": "Basic"
            },
            {
              "name": "Speed",
              "value": 3.0
            },
            {
              "name": "Heavy",
              "value": false
            }
          ]
        },
        {
          "name": "Packet",
          "properties": [
            {
              "name": "Mode",
              "value": "Factor"
            },
            {
              "name": "Phase",
              "value": "Full"
            },
            {
              "name": "Type",
              "value": "Preserve"
            },
            {
              "name": "Speed",
              "value": 1.0
            }
          ]
        }
      ]
    },
    {
      "name": "No Slow",
      "enabled": true,
      "properties": [
        {
          "name": "Mode",
          "value": "Vanilla"
        }
      ]
    },
    {
      "name": "Speed",
      "enabled": false,
      "properties": [
        {
          "name": "Mode",
          "value": "NCP"
        },
        {
          "name": "Vanilla",
          "properties": [
            {
              "name": "OnGround Speed",
              "value": 0.20000000298023224
            },
            {
              "name": "Speed",
              "value": 0.20000000298023224
            },
            {
              "name": "B-Hop",
              "value": false
            }
          ]
        },
        {
          "name": "NCP",
          "properties": [
            {
              "name": "NCP Mode",
              "value": "Updated NCP"
            },
            {
              "name": "Fake Y",
              "value": false
            }
          ]
        }
      ]
    },
    {
      "name": "Sprint",
      "enabled": true
    },
    {
      "name": "Target Strafe",
      "enabled": true,
      "properties": [
        {
          "name": "Distance",
          "value": 1.25
        },
        {
          "name": "Hold Space",
          "value": false
        },
        {
          "name": "Behind",
          "value": false
        }
      ]
    },
    {
      "name": "Anti Void",
      "enabled": true,
      "properties": [
        {
          "name": "Mode",
          "value": "NCP"
        }
      ]
    },
    {
      "name": "Auto Tool",
      "enabled": true
    },
    {
      "name": "Chest Stealer",
      "enabled": true,
      "properties": [
        {
          "name": "Delay",
          "value": 80.0
        },
        {
          "name": "Delay before closing",
          "value": 0.0
        },
        {
          "name": "Check Chest Names",
          "value": true
        }
      ]
    },
    {
      "name": "Fast Place",
      "enabled": false
    },
    {
      "name": "Inventory Manager",
      "enabled": true,
      "properties": [
        {
          "name": "Mode",
          "value": "Open"
        },
        {
          "name": "Delay",
          "value": 70.0
        },
        {
          "name": "Auto Armor",
          "value": true
        },
        {
          "name": "Auto Swap",
          "value": true
        }
      ]
    },
    {
      "name": "Inventory Move",
      "enabled": true
    },
    {
      "name": "No Fall",
      "enabled": false,
      "properties": [
        {
          "name": "Mode",
          "value": "Edit"
        }
      ]
    },
    {
      "name": "Animations",
      "enabled": true,
      "properties": [
        {
          "name": "Mode",
          "value": "Exhibition"
        },
        {
          "name": "X",
          "value": -0.05000000074505806
        },
        {
          "name": "Y",
          "value": 0.45000000670552254
        },
        {
          "name": "Z",
          "value": 1.2000000178813934
        }
      ]
    },
    {
      "name": "Click GUI",
      "enabled": false,
      "properties": [
        {
          "name": "Mode",
          "value": "Modern"
        }
      ]
    },
    {
      "name": "Fullbright",
      "enabled": true
    },
    {
      "name": "HUD",
      "enabled": true,
      "properties": [
        {
          "name": "Separator",
          "value": "-"
        },
        {
          "name": "Sidebar",
          "value": "Both"
        },
        {
          "name": "Color",
          "value": "Astolfo"
        }
      ]
    },
    {
      "name": "Model Render",
      "enabled": false
    },
    {
      "name": "Tracers",
      "enabled": false,
      "properties": [
        {
          "name": "Line Width",
          "value": 2.5
        }
      ]
    },
    {
      "name": "Nametags",
      "enabled": true
    },
    {
      "name": "Cape",
      "enabled": true
    },
    {
      "name": "Breaker",
      "enabled": true,
      "properties": [
        {
          "name": "Range",
          "value": 4.0
        },
        {
          "name": "No Swing",
          "value": false
        }
      ]
    },
    {
      "name": "No C03",
      "enabled": true
    },
    {
      "name": "No Rotate",
      "enabled": false,
      "properties": [
        {
          "name": "Client Side",
          "value": true
        }
      ]
    },
    {
      "name": "Scaffold",
      "enabled": false,
      "properties": [
        {
          "name": "Place",
          "properties": [
            {
              "name": "Item Spoof",
              "value": "Edit"
            },
            {
              "name": "Expand",
              "value": 0.0
            },
            {
              "name": "Delay",
              "value": 50.0
            },
            {
              "name": "CPS",
              "value": 2.0
            },
            {
              "name": "Funny Bypass",
              "value": false
            },
            {
              "name": "Random Vec",
              "value": false
            },
            {
              "name": "No Swing",
              "value": false
            },
            {
              "name": "Picker",
              "value": true
            }
          ]
        },
        {
          "name": "Movement",
          "properties": [
            {
              "name": "Safe walk",
              "value": true
            },
            {
              "name": "No Sprint",
              "value": false
            },
            {
              "name": "Auto Jump",
              "value": true
            },
            {
              "name": "Same Y",
              "value": true
            }
          ]
        },
        {
          "name": "Rotation",
          "properties": [
            {
              "name": "Rotations",
              "value": "NCP"
            },
            {
              "name": "Keep Rotations",
              "value": true
            },
            {
              "name": "Ray trace",
              "value": false
            },
            {
              "name": "GCD Fix",
              "value": true
            }
          ]
        }
      ]
    },
    {
      "name": "Time Changer",
      "enabled": true,
      "properties": [
        {
          "name": "Time",
          "value": 14000.0
        }
      ]
    },
    {
      "name": "Timer",
      "enabled": false,
      "properties": [
        {
          "name": "Speed",
          "value": 1.0000000149011612
        }
      ]
    }
  ]
}